ElementID,EnterpriseNo,FieldType,DataType
1,9,scTag,unsigned32
2,9,scTrafficProcessorId,unsigned8
3,9,scSourceIpSample,unsigned8
4,9,scDestinationIpSample,unsigned8
5,9,scFlowContextId,unsigned32
6,9,scSubscriberId,string
7,9,policy_id,unsigned16
8,9,scServiceId,unsigned32
9,9,scProtocolId,unsigned16
10,9,scSkipppedSessions,unsigned32
11,9,scInitiatingSide,unsigned8
12,9,scReportTime,unsigned32
13,9,scTransactionDurationMillisec,unsigned32
14,9,scTimeFrame,unsigned8
15,9,scSessionUpstreamVolume,unsigned32
16,9,scSessionDownstreamVolume,unsigned32
17,9,scProtocolSignature,unsigned32
18,9,scZoneId,unsigned32
19,9,scFlavorId,unsigned32
20,9,scFlowCloseMode,unsigned8
21,9,access_string,string
22,9,info_string,string
23,9,scClientPort,unsigned16
24,9,scServerPort,unsigned16
25,9,scSubscriberCounterId,unsigned16
26,9,scServiceUsageCounterId,unsigned16
27,9,scBreachState,unsigned8
28,9,scReason,unsigned8
29,9,scConfiguredDuration,unsigned32
30,9,scDuration,unsigned32
31,9,scEndTime,unsigned32
32,9,scUpstreamVolume,unsigned32
33,9,scDownstreamVolume,unsigned32
34,9,scSessions,unsigned16
35,9,scSeconds,unsigned16
36,9,scPackageCounterId,unsigned16
37,9,scGeneratorId,unsigned8
38,9,scServiceGlobalCounterId,unsigned16
39,9,scConcurrentSessions,unsigned32
40,9,scActiveSubscribers,unsigned32
41,9,scTotalActiveSubscribers,unsigned32
42,9,link_id,unsigned8
43,9,scVirtualLinkId,unsigned16
44,9,scVirtualLinkDirection,unsigned8
45,9,scAggregationObjectId,unsigned16
46,9,scVendorId,unsigned32
47,9,scUpstreamPacketLoss,unsigned16
48,9,scDownstreamPacketLoss,unsigned16
51,9,scAttackId,unsigned32
52,9,scAttackIp,unsigned32
53,9,scAttackOtherIp,unsigned32
54,9,scAttackPortNumber,unsigned16
55,9,scAttackType,unsigned32
56,9,scAttackSide,unsigned8
57,9,scAttackIpProtocol,unsigned8
58,9,scAttacks,unsigned8
59,9,scAttackMaliciousSessions,unsigned32
60,9,scUserAgent,octetArray
61,9,scHttpUrl,octetArray
62,9,scSipDomain,octetArray
63,9,scSipUserAgent,octetArray
64,9,scFlowStart,unsigned32
65,9,scFlowType,unsigned8
66,9,scSessionId,unsigned32
67,9,scUpstreamJitter,unsigned32
68,9,scDownstreamJitter,unsigned32
69,9,scUpstreamPayloadType,unsigned8
70,9,scDownstreamPayloadType,unsigned8
71,9,scUpstreamAverageJitter,unsigned32
72,9,scDownstreamAverageJitter,unsigned32
73,9,scCallDestination,octetArray
74,9,scCallSource,octetArray
75,9,scCallType,unsigned8
76,9,scMediaChannels,unsigned8
77,9,scBlockReason,unsigned8
78,9,scBlockRdrCount,unsigned32
79,9,scRedirected,unsigned8
80,9,Generic_Attribute,string
81,9,Traffic_Class_Label_TCL_,string
82,9,Uri_Sender,string
83,9,Uri_Receiver,string
84,9,Contact_Sender,string
85,9,Contact_Receiver,string
86,9,Bandwidth_Pool_ID,octetArray
87,9,Bandwith_Pool_Members,unsigned8
88,9,Session_Sender_Flow_GUID,octetArray
89,9,Session_Sender_GUID,octetArray
90,9,Session_Receiver_GUID,octetArray
91,9,Session_Conference_GUID_Type,octetArray
92,9,Session_Sender_Flow_ID,octetArray
95,9,Application_ID,octetArray
96,9,Application_Name,octetArray
97,9,Admission_Mode,unsigned8
98,9,Max_Bitrate,unsigned32
99,9,Min_Bitrate,unsigned32
101,9,RTP__Clock_Frequency,unsigned32
107,9,Session_GUID,octetArray
108,9,Session_Conference_GUID,octetArray
110,9,Encryption_Status,octetArray
111,9,Synthetic_Traffic,octetArray
115,9,Application__Version,string
123,9,MSP__Bandwidth,unsigned32
125,9,MSP__Device_Name,octetArray
126,9,SIP_User_Name,string
127,9,SIP_Email,string
128,9,Audio_Codec,unsigned32
129,9,Bandwidth_Consumed,unsigned32
130,9,Payload_Type,unsigned32
131,9,Mime_Type,string
134,9,Canonical_Name_CNAME_,string
135,9,Video_Codec,unsigned32
136,9,SDP_Session_ID,string
137,9,Domain_Name,string
140,9,Application_Group,unsigned32
141,9,Category,unsigned32
142,9,Sub-Category,unsigned32
143,9,Device_Class,octetArray
144,9,Media_Type,unsigned8
146,9,Endpoint_Model,string
147,9,Traffic_Type,unsigned32
148,9,Transport_Type,unsigned32
149,9,Signaling_Type,unsigned32
150,9,Multiplex_Type,unsigned32
151,9,Application__Vendor,string
232,9,Ingress_ACLID,octetArray
233,9,EgressACLID,octetArray
234,9,fwEventDetailed,unsigned16
235,9,policy_firewall_event_level,unsigned8
236,9,policy_firewall_event_level_id,unsigned32
237,9,policy_firewall_configured_value,unsigned32
238,9,FW_ERM_EXT_EVENT,unsigned16
239,9,FW_ERM_EXT_EVENT_DESC,string
282,9,audio_rtp_pkt_lost,unsigned32
283,9,audio_rtp_pkt_expected,unsigned32
284,9,audio_rtp_fwd_out_of_sequence_sum,unsigned32
285,9,audio_rtp_seconds_ok,unsigned16
286,9,audio_rtp_seconds_concealed,unsigned16
287,9,audio_rtp_seconds_concealed_severe,unsigned16
288,9,audio_rtp_jitter_ticks,unsigned16
289,9,audio_g107_impairment,unsigned16
290,9,audio_g107_lossRate,unsigned16
291,9,audio_g107_codec_baseline,unsigned16
292,9,audio_g107_codec_baseline_bpl,unsigned16
293,9,audio_g107_impairment_one_way_delay,unsigned16
294,9,audio_concealment_ratio_now,unsigned16
295,9,audio_concealment_ratio_minimum,unsigned16
296,9,audio_concealment_ratio_maximum,unsigned16
297,9,audio_concealment_time,unsigned32
298,9,audio_speech_time,unsigned32
299,9,audio_pkt_ok,unsigned32
300,9,audio_pkt_cs,unsigned32
301,9,audio_pkt_scs,unsigned32
302,9,audio_pkt_rtp,unsigned32
303,9,audio_pkt_silence,unsigned32
304,9,audio_duration_receive,unsigned32
305,9,audio_duration_receive_voice,unsigned32
306,9,audio_duration_early_pkt,unsigned32
307,9,audio_duration_clock_adjust,unsigned32
308,9,audio_duration_playout_increase,unsigned32
309,9,audio_duration_playout_decrease,unsigned32
310,9,audio_duration_late_discard,unsigned32
311,9,audio_frame_size,unsigned32
312,9,audio_frames_per_pkt,unsigned32
313,9,audio_frame_arriving_times_difference,unsigned16
314,9,audio_frame_arriving_times_difference_var,unsigned16
315,9,audio_noise_level_current,unsigned16
316,9,audio_noise_level_average,unsigned16
317,9,audio_noise_level_minimum,unsigned16
318,9,audio_noise_level_maximum,unsigned16
319,9,audio_noise_level_configured,unsigned16
320,9,audio_snr_current,unsigned16
321,9,audio_snr_average,unsigned16
322,9,audio_snr_minimum,unsigned16
323,9,audio_snr_maximum,unsigned16
324,9,audio_snr_configured,unsigned16
332,9,DNA,octetArray
432,9,vxlan_sgt,unsigned16
433,9,vxlan_flags,unsigned16
1232,9,flow_cts_source_group_tag,unsigned16
1233,9,flow_cts_destination_group_tag,unsigned16
1234,9,flow_cts_source_group_tag_name,octetArray
1236,9,flow_cts_switch_derived_sgt,unsigned16
2233,9,policy_firewall_event_extended,dyanmic2B4B
2234,9,FW_SRC_VRF_ID,unsigned32
2235,9,FW_DST_VRF_ID,unsigned32
2236,9,policy_firewall_blackout_time,unsigned32
2237,9,policy_firewall_incomplete_high_watermark,unsigned32
2238,9,policy_firewall_incomplete_rate,unsigned32
2239,9,policy_firewall_zone_pair_id,unsigned32
2240,9,policy_firewall_sessions_maximum,unsigned32
2241,9,policy_firewall_zone_pair_name,octetArray
2242,9,policy_firewall_event_extended_description,string
2243,9,FW_SUMMARY_PKT_CNT,unsigned32
2244,9,policy_firewall_incomplete_count,unsigned32
3232,9,waas_dre_input,unsigned64
3233,9,waas_dre_output,unsigned64
3234,9,waas_lz_input,unsigned64
3235,9,waas_lz_output,unsigned64
3236,9,waas_original_bytes,unsigned64
3237,9,waas_optimised_bytes,unsigned64
3238,9,waas_app,unsigned32
3239,9,waas_class,unsigned32
3240,9,waas_conn_mode,unsigned16
3241,9,waas_bytes_input,unsigned64
3242,9,waas_bytes_output,unsigned64
3243,9,WAAS_IN_PACKETS,unsigned64
3244,9,WAAS_OUT_PACKETS,unsigned64
3245,9,WAAS_LZ_ENC_AVG_LATENCY,unsigned64
3246,9,WAAS_LZ_DEC_AVG_LATENCY,unsigned64
3247,9,WAAS_DRE_ENC_AVG_LATENCY,unsigned64
3248,9,WAAS_DRE_DEC_AVG_LATENCY,unsigned64
4232,9,cnt_pkt_dropped,unsigned64
4232,9,cnt_pkt_dropped_long,unsigned64
4233,9,cnt_pkt_dropped_permanent,unsigned64
4233,9,cnt_pkt_dropped_permanent_short,unsigned64
4234,9,cnt_pkt_rate,unsigned32
4235,9,cnt_bytes_rate,unsigned32
4236,9,app_media_bytes_cnt,unsigned64
4236,9,app_media_bytes_cnt_long,unsigned64
4237,9,app_media_bytes_cnt_permanent,unsigned64
4238,9,app_media_bytes_rate,unsigned64
4239,9,app_media_pkt_cnt,unsigned64
4239,9,app_media_pkt_cnt_long,unsigned64
4240,9,app_media_pkt_cnt_permanent,unsigned64
4241,9,app_media_pkt_rate,unsigned32
4242,9,app_media_pkt_rate_variation,unsigned32
4243,9,app_media_event,unsigned8
4245,9,timestamp_interval,octetArray
4246,9,trans_pkt_expected_cnt,unsigned64
4246,9,trans_pkt_expected_cnt_long,unsigned64
4247,9,trans_pkt_expected_cnt_permanent,unsigned64
4248,9,trans_round_trip_time,unsigned32
4249,9,trans_event_pkt_loss_cnt,unsigned32
4249,9,trans_event_pkt_loss_cnt_long,unsigned32
4250,9,trans_event_pkt_loss_cnt_permanet,unsigned32
4251,9,trans_pkt_lost_cnt,unsigned64
4251,9,trans_pkts_lost_cnt_long,unsigned64
4252,9,trans_pkt_lost_cnt_permanent,unsigned64
4253,9,trans_pkt_lost_rate,unsigned32
4254,9,trans_rtp_ssrc,unsigned32
4255,9,trans_rtp_jitter_mean,unsigned32
4256,9,trans_rtp_jitter_minimum,unsigned32
4257,9,trans_rtp_jitter_maximum,unsigned32
4258,9,counter_flow,unsigned32
4259,9,misc_unsupported,unsigned16
4260,9,cnt_bytes_rate_per_flow,unsigned32
4261,9,cnt_bytes_rate_per_flow_min,unsigned32
4262,9,cnt_bytes_rate_per_flow_max,unsigned32
4263,9,cnt_pkt_rate_per_flow,unsigned32
4264,9,cnt_pkt_rate_per_flow_min,unsigned32
4265,9,cnt_pkt_rate_per_flow_max,unsigned32
4266,9,app_media_bytes_rate_per_flow,octetArray
4267,9,app_media_bytes_rate_per_flow_min,unsigned32
4268,9,app_media_bytes_rate_per_flow_max,unsigned32
4269,9,RTP_SEQ_CYCLE_COUNT,unsigned32
4270,9,app_media_pkt_rate_variation_min,unsigned32
4271,9,app_media_pkt_rate_variation_max,unsigned32
4272,9,trans_rtp_flow_count,unsigned32
4273,9,trans_rtp_payload_type,unsigned8
4274,9,trans_pkt_lost_cnt_min,unsigned32
4275,9,trans_pkt_lost_cnt_max,unsigned32
4276,9,trans_event_pkt_loss_cnt_min,unsigned32
4277,9,trans_event_pkt_loss_cnt_max,unsigned32
4278,9,transport_packets_lost_rate,unsigned32
4278,9,RTP_SEQ_RESYNC_COUNT,unsigned32
4279,9,trans_pkt_lost_rate_min,unsigned32
4280,9,trans_pkt_lost_rate_max,unsigned32
4281,9,trans_tcp_flow_count,unsigned32
4282,9,trans_round_trip_time_sum,unsigned64
4282,9,trans_round_trip_time_sum_short,unsigned64
4283,9,trans_round_trip_time_samples,unsigned32
4284,9,trans_round_trip_time_min,unsigned32
4285,9,trans_round_trip_time_max,unsigned32
4286,9,metadata_global_session_id,string
4287,9,metadata_multi_party_session_id,string
4288,9,metadata_clock_rate,unsigned32
4289,9,monitor_end_time,unsigned64
4290,9,Transport_packets_out-of-ordered_counter,unsigned32
4291,9,server_response_time_average,unsigned32
4292,9,refused_sessions,unsigned32
4293,9,client_network_delay_average,unsigned32
4294,9,server_network_delay_average,unsigned32
4295,9,network_delay_average,unsigned32
4296,9,app_delay_average,unsigned32
4297,9,session_time_minimum,unsigned32
4298,9,session_time_maximum,unsigned32
4299,9,session_time_average,unsigned32
4300,9,transaction_time_average,unsigned32
4301,9,closed_sessions,unsigned32
4302,9,retransmitted_pkt,unsigned32
4303,9,trans_bytes_out_of_order,unsigned64
4304,9,client_throughput_average,unsigned32
4305,9,unresponsive_sessions,unsigned32
4306,9,trans_pkt_out_of_order,unsigned32
4307,9,IPv4_source_observation_node,ipv4Address
4308,9,IPv4_destination_observation_node,ipv4Address
4309,9,IPv6_source_observation_node,ipv6Address
4310,9,IPv6_destination_observation_node,ipv6Address
4311,9,pfr_one_way_delay_sum,unsigned64
4312,9,pfr_one_way_delay_samples,unsigned32
4313,9,pfr_one_way_delay,unsigned32
4314,9,pkt_arrival_timestamp,unsigned64
4315,9,trans_tcp_window_size_minimum,unsigned32
4316,9,trans_tcp_window_size_maximum,unsigned32
4317,9,trans_tcp_window_size_average,unsigned32
4318,9,trans_tcp_maximum_segment_size,unsigned16
4318,9,trans_tcp_maximum_segment_size,unsigned16
4319,9,RTP_INVALLID_SEQ_COUNT,unsigned32
4320,9,FLOW_UNAVAILABILITY_MILLISECONDS,unsigned32
4321,9,MID_PID,unsigned16
4322,9,METRIC_TYPE,unsigned8
4323,9,trans_tcp_window_size_sum,unsigned64
4324,9,TIME_INTERVAL_END,unsigned64
4325,9,trans_rtp_jitter_mean_sum,unsigned64
4326,9,app_media_pkt_rate_variation_sum,unsigned64
4327,9,trans_tcp_window_size_average_sum,unsigned32
4328,9,trans_rtp_jitter_inter_arrival_sum,unsigned64
4329,9,trans_rtp_jitter_inter_arrival_samples,unsigned32
4330,9,trans_rtp_jitter_inter_arrival_mean,octetArray
4331,9,pfr_site_source_id_ipv4,octetArray
4331,9,pfr_site_source_id_ipv6,octetArray
4332,9,pfr_site_destination_id_ipv4,octetArray
4332,9,pfr_site_destination_id_ipv6,octetArray
4333,9,trans_bytes_lost,octetArray
4334,9,trans_bytes_expected,octetArray
4335,9,trans_bytes_lost_rate,octetArray
4336,9,network_delay_sum,unsigned64
4337,9,network_delay_sample,unsigned32
4338,9,pfr_tc_mitigation_err_bw_count,unsigned32
4339,9,pfr_tc_no_mitigation_err_performance_count,unsigned32
4340,9,pfr_tc_no_mitigation_err_performance_count,unsigned32
4341,9,pfr_site_source_prefix_ipv4,ipv4Address
4342,9,pfr_site_destination_prefix_ipv4,ipv4Address
4343,9,pfr_site_source_prefix_ipv6,ipv6Address
4344,9,pfr_site_destination_prefix_ipv6,ipv6Address
4345,9,pfr_site_source_prefix_mask_ipv4,unsigned8
4346,9,pfr_site_destination_prefix_mask_ipv4,unsigned8
4347,9,pfr_site_source_prefix_mask_ipv6,unsigned8
4348,9,pfr_site_destination_prefix_mask_ipv6,unsigned8
4349,9,pfr_service_provider_tag_identifier,unsigned8
4350,9,pfr_label_identifier,unsigned8
4432,9,app_voice_number_called,octetArray
4433,9,app_voice_number_calling,octetArray
4434,9,app_voice_setup_time,octetArray
4435,9,app_voice_call_duration,octetArray
4436,9,app_voice_rx_bad_pkt,octetArray
4437,9,app_voice_rx_out_of_sequence,octetArray
4438,9,app_voice_codec_id,octetArray
4439,9,app_voice_play_delay_current,octetArray
4440,9,app_voice_play_delay_minimum,octetArray
4441,9,app_voice_play_delay_maximum,octetArray
4442,9,app_voice_sip_call_id,octetArray
4443,9,app_voice_router_global_call_id,octetArray
4444,9,app_voice_delay_round_trip,octetArray
4445,9,app_voice_delay_end_point,octetArray
4446,9,app_voice_r_factor_1,octetArray
4447,9,app_voice_r_factor_2,octetArray
4448,9,app_voice_mos_conversation,octetArray
4449,9,app_voice_mos_listening,octetArray
4450,9,app_voice_concealment_ratio_mean,octetArray
4451,9,app_voice_jitter_configured_type,octetArray
4452,9,app_voice_jitter_configured_min,octetArray
4453,9,app_voice_jitter_configured_max,octetArray
4454,9,app_voice_jitter_configured_initial,octetArray
4455,9,app_voice_rx_early_pkt_count,octetArray
4456,9,app_voice_rx_late_pkt_count,octetArray
4457,9,app_voice_jitter_buffer_overrun,octetArray
4458,9,app_voice_pkt_conceal_count,octetArray
4732,9,app_video_resolution_width_last,unsigned16
4733,9,app_video_resolution_height_last,unsigned16
4734,9,app_video_frame_rate,unsigned8
4735,9,app_video_payload_bitrate_average,unsigned16
4736,9,app_video_payload_bitrate_fluctuation,unsigned16
4737,9,app_video_frame_I_cnt_frames,unsigned32
4738,9,app_video_frame_I_cnt_pkt,unsigned32
4739,9,app_video_frame_I_cnt_bytes,unsigned32
4740,9,app_video_frame_STR_cnt_frames,unsigned32
4741,9,app_video_frame_STR_cnt_pkt,unsigned32
4742,9,app_video_frame_STR_cnt_bytes,unsigned32
4743,9,app_video_frame_LTR_cnt_frames,unsigned32
4744,9,app_video_frame_LTR_cnt_pkt,unsigned32
4745,9,app_video_frame_LTR_cnt_bytes,unsigned32
4746,9,app_video_frame_super_P_cnt_frame,unsigned32
4747,9,app_video_frame_super_P_cnt_pkt,unsigned32
4748,9,app_video_frame_super_P_cnt_byte,unsigned32
4749,9,app_video_frame_NR_cnt_frames,unsigned32
4750,9,app_video_frame_NR_cnt_pkt,unsigned32
4751,9,app_video_frame_NR_cnt_bytes,unsigned32
4752,9,app_video_frame_I_slice_quantization_level,unsigned8
4753,9,app_video_frame_STR_slice_quantization_level,unsigned8
4754,9,app_video_frame_LTR_slice_quantization_level,unsigned8
4755,9,app_video_frame_super_P_slice_quantization_level,unsigned8
4756,9,app_video_frame_NR_slice_quantization_level,unsigned8
4757,9,app_video_eMOS_compression_bitstream,unsigned8
4758,9,app_video_eMOS_compression_network,unsigned8
4759,9,app_video_frame_I_cnt_pkt,unsigned32
4760,9,app_video_frame_STR_cnt_pkt_lost,unsigned32
4761,9,app_video_frame_LTR_cnt_pkt_lost,unsigned32
4762,9,app_video_frame_super_P_cnt_pkt_lost,unsigned32
4763,9,app_video_frame_NR_cnt_pkt_lost,unsigned32
4764,9,app_video_frame_percentage_damaged,unsigned8
4765,9,app_video_eMOS_pkt_loss_bitstream,unsigned8
4766,9,app_video_eMOS_pkt_loss_network,unsigned8
4767,9,app_video_scene_complexity,unsigned8
4768,9,app_video_level_of_motion,unsigned8
4769,9,trans_rtp_sequence_number,unsigned16
4770,9,trans_rtp_sequence_number_last,unsigned16
5232,9,vdsDisplayProtocol,unsigned8
5233,9,iOAM_my_node_id,unsigned8
5234,9,iOAM_my_node_name,unsigned32
5235,9,start_timestamp,unsigned8
5236,9,end_timestamp,unsigned8
5237,9,IOAM_pkt_cnt,unsigned8
5238,9,IOAM_byte_count,octetArray
5239,9,IOAM_cs0_pkt_cnt,ipv4Address
5240,9,IOAM_cs0_byte_count,ipv4Address
5241,9,IOAM_cs1_pkt_cnt,ipv4Address
5242,9,IOAM_cs1_byte_count,unsigned16
5243,9,IOAM_cs2_pkt_cnt,unsigned16
5244,9,IOAM_cs2_byte_count,unsigned8
5245,9,IOAM_cs3_pkt_cnt,string
5246,9,IOAM_cs3_byte_count,string
5247,9,IOAM_cs4_pkt_cnt,unsigned8
5248,9,IOAM_cs4_byte_count,unsigned8
5249,9,IOAM_cs5_pkt_cnt,unsigned8
5250,9,IOAM_cs5_byte_count,unsigned64
5251,9,IOAM_cs6_pkt_cnt,unsigned64
5252,9,IOAM_cs6_byte_count,unsigned64
5253,9,IOAM_cs7_pkt_cnt,unsigned64
5254,9,IOAM_cs7_byte_count,unsigned64
5255,9,IOAM_lost_pkt_cnt,unsigned64
5256,9,IOAM_duplicate_pkt_cnt,unsigned32
5257,9,IOAM_reordered_pkt_cnt,unsigned64
5258,9,IOAM_highest_PPC_sequence_number,unsigned32
5259,9,iOAM_node_id,unsigned64
5260,9,ipv6_protocol_filed,unsigned32
5261,9,iOAM_E2E_Header,unsigned32
5262,9,iOAM_Path_Map,unsigned32
6232,9,pfr_br_ipv4_address,ipv4Address
6233,9,pfr_status,unsigned16
6234,9,reason_id,unsigned32
6235,9,threshold,unsigned32
6236,9,pfr_priority,unsigned16
6237,9,ShortTermRTT,unsigned32
6238,9,long_term_round_trip_time,unsigned32
6239,9,mos_below,unsigned32
6240,9,rsvp_bw_pool,unsigned64
6241,9,flow_left_time,unsigned16
6242,9,bw_percentage,unsigned16
6243,9,bw_fee,unsigned32
6244,9,trans_source_port_min,unsigned16
6245,9,trans_source_port_max,unsigned16
6246,9,trans_destination_port_min,unsigned16
6247,9,trans_destination_port_max,unsigned16
6248,9,capacity,unsigned64
6249,9,ingress_bw,unsigned64
6249,9,ingress_bw_long,unsigned64
6250,9,max_ingress_bw,unsigned64
6251,9,egress_bw,unsigned64
6251,9,egress_bw_long,unsigned64
6252,9,max_egress_bw,unsigned64
6253,9,ingress_rollup_bw,unsigned64
6254,9,egress_rollup_bw,unsigned64
6255,9,kth_rollup_bw,unsigned64
6256,9,link_group_name,octetArray
6257,9,bgp_community,unsigned32
6258,9,bgp_prepend,unsigned8
6259,9,entrance_downgrade,unsigned8
6260,9,discard_rollup_count,unsigned32
6261,9,services_pfr_class_tag_id,unsigned32
6262,9,services_pfr_mc_id,unsigned32
7232,9,USER_ID,octetArray
7233,9,translatedSrcAddr,unsigned32
7234,9,translatedDstAddr,unsigned32
7235,9,translatedSrcPort,unsigned16
7236,9,translatedDstPort,unsigned16
7237,9,fwEvent,unsigned16
8232,9,policy_qos_classification_hierarchy,octetArray
8233,9,c3pl_class_cce_id,unsigned32
8234,9,c3pl_class_name,octetArray
8235,9,c3pl_class_type,octetArray
8236,9,c3pl_policy_cce_id,unsigned32
8237,9,c3pl_policy_name,octetArray
8238,9,c3pl_policy_type,octetArray
8332,9,DCMdataGroupName,octetArray
8333,9,interface_input_fex_node_id,octetArray
8334,9,interface_output_fex_node_id,octetArray
8335,9,interface_power,unsigned32
8336,9,monitor_device_type,unsigned32
8337,9,conn_server_cnt_bytes_network_long,unsigned64
8338,9,conn_client_cnt_bytes_network_long,unsigned64
8339,9,wireless_afd_drop_pkt,unsigned32
8340,9,wireless_afd_accept_pkt,unsigned32
8341,9,wireless_afd_drop_bytes,unsigned64
8342,9,wireless_afd_accept_bytes,unsigned64
9233,9,namDataSrc,unsigned32
9234,9,srcSite,unsigned32
9235,9,dstSite,unsigned32
9236,9,serverSite,unsigned32
9237,9,clientSite,unsigned32
9238,9,siteID,unsigned32
9239,9,serverIPv4Address,ipv4Address
9240,9,clientIPv4Address,ipv4Address
9242,9,netEncap,unsigned32
9243,9,serverIPv6Address,ipv6Address
9244,9,clientIPv6Address,ipv6Address
9245,9,namSrcDeviceId,unsigned32
9246,9,namSrcDeviceIPv4Address,ipv4Address
9247,9,namSrcDeviceIPv6Address,ipv6Address
9248,9,siteName,octetArray
9249,9,siteDescription,octetArray
9250,9,conn_concurrent_conns,string
9251,9,app_transaction_cnt_new,string
9252,9,waas_optimization_segment,unsigned8
9252,9,services_waas_segment,unsigned8
9253,9,services_waas_passthrough_reason,unsigned8
9265,9,initiatorPackets,unsigned64
9266,9,responderPackets,unsigned64
9267,9,conn_client_cnt_bytes_retransmit,unsigned32
9268,9,conn_client_cnt_pkts_retransmit,unsigned32
9272,9,conn_transaction_cnt_complete,unsigned32
9273,9,conn_transaction_duration_sum,unsigned32
9274,9,conn_transaction_duration_max,dateTimeMilliseconds
9275,9,conn_transaction_duration_min,dateTimeMilliseconds
9276,9,sumDataTransmissionTime,dateTimeMilliseconds
9277,9,sumDataRetransmissionTime,dateTimeMilliseconds
9282,9,art_count_new_conns,unsigned32
9283,9,completedConnectionsCountDelta,unsigned32
9284,9,refusedConnectionsCountDelta,unsigned32
9285,9,unrespConnectionsCountDelta,unsigned32
9286,9,sumSessionDuration,dateTimeMilliseconds
9292,9,conn_server_response_cnt,unsigned32
9293,9,conn_delay_response_to_server_histogram_bucket_1,unsigned32
9294,9,conn_delay_response_to_server_histogram_bucket_2,unsigned32
9295,9,conn_delay_response_to_server_histogram_bucket_3,unsigned32
9296,9,conn_delay_response_to_server_histogram_bucket_4,unsigned32
9297,9,conn_delay_response_to_server_histogram_bucket_5,unsigned32
9298,9,conn_delay_response_to_server_histogram_bucket_6,unsigned32
9299,9,conn_delay_response_to_server_histogram_bucket_7,unsigned32
9300,9,conn_delay_response_to_server_histogram_late,unsigned32
9303,9,conn_delay_response_to_server_sum,dateTimeMilliseconds
9304,9,conn_delay_response_to_server_max,dateTimeMilliseconds
9305,9,conn_delay_response_to_server_min,dateTimeMilliseconds
9306,9,conn_delay_app_sum,dateTimeMilliseconds
9307,9,conn_delay_app_max,dateTimeMilliseconds
9308,9,conn_delay_app_min,dateTimeMilliseconds
9309,9,conn_delay_response_client_to_server_sum,dateTimeMilliseconds
9310,9,conn_delay_response_client_to_server_max,dateTimeMilliseconds
9311,9,conn_delay_response_client_to_server_min,dateTimeMilliseconds
9313,9,conn_delay_network_client_to_server_sum,dateTimeMilliseconds
9314,9,conn_delay_network_client_to_server_max,dateTimeMilliseconds
9315,9,conn_delay_network_client_to_server_min,dateTimeMilliseconds
9316,9,conn_delay_network_to_client_sum,dateTimeMilliseconds
9317,9,conn_delay_network_to_client_max,dateTimeMilliseconds
9318,9,conn_delay_network_to_client_min,dateTimeMilliseconds
9319,9,conn_delay_network_to_server_sum,dateTimeMilliseconds
9320,9,conn_delay_network_to_server_max,dateTimeMilliseconds
9321,9,conn_delay_network_to_server_min,dateTimeMilliseconds
9322,9,numRoundtripsDeltaCount,unsigned32
9323,9,sumRoundtripTime,unsigned32
9333,9,rtpSsrc,unsigned32
9334,9,rtpPayloadType,unsigned8
9335,9,rtpCodec,unsigned32
9344,9,rtpDuration,unsigned32
9345,9,rtpAvgMos100,unsigned32
9347,9,mos_worst_100,unsigned32
9348,9,rtpActualPacketLoss,unsigned32
9349,9,rtpAdjPacketLoss,unsigned32
9350,9,rtpJitter100,unsigned32
9351,9,rtpSoc,unsigned32
9352,9,rtpSsc,unsigned32
9353,9,rtpMaxPktLoss,unsigned32
9354,9,rtpPktToJitter100,unsigned32
9355,9,mos_quality,unsigned32
9356,9,mos_total_count,unsigned32
9357,9,app_http_uri_statistics,ciscourlhits
9357,9,app_http_uri_statistics,ciscourlhits
9358,9,time_inter_pkt_gap_histogram,octetArray
9359,9,time_inter_pkt_gap_histogram_reverse,octetArray
9360,9,policy_qos_queue_index,unsigned32
9361,9,policy_qos_queue_drops,unsigned64
10232,9,datalink_event,unsigned8
10233,9,L2L3SwitchEventDesc,octetArray
10234,9,datalink_event_extended,unsigned8
10235,9,L2L3SwitchExtEventDesc,octetArray
10236,9,L2L3SwitchACLName,octetArray
10237,9,L2L3SwitchACLType,unsigned8
10238,9,L2L3SwitchACLTypeDesc,string
11232,9,l4r_server_ipv4_address,ipv4Address
11233,9,l4r_server_trans_port,unsigned16
11234,9,l4r_server_ipv6_address,ipv6Address
11235,9,l4r_event,unsigned8
11236,9,l4r_event_timestamp,unsigned32
12172,9,ETA_IDP,octetArray
12173,9,ETA_SPLT,CiscoETA_SPLT
12174,9,ETA_SALT,octetArray
12175,9,ETA_BD_FMT,octetArray
12176,9,ETA_BD,octetArray
12177,9,TLS_Record,octetArray
12178,9,TLS_Cipher,octetArray
12179,9,TLS_EXTNS,octetArray
12180,9,TLS_VERSION,unsigned8
12181,9,TLS_KEYLEN,unsigned16
12182,9,TLS_SESSIONID,octetArray
12183,9,TLS_RANDOM,octetArray
12230,9,app_family_name,string
12231,9,app_set_name,string
12232,9,app_category_name,string
12233,9,app_sub_category_name,string
12234,9,app_group_name,string
12235,9,applicationVarString,ciscoappvarstring
12236,9,conn_client_ipv4_address,ipv4Address
12237,9,conn_server_ipv4_address,ipv4Address
12238,9,conn_client_ipv6_address,ipv6Address
12239,9,conn_server_ipv6_address,ipv6Address
12240,9,conn_client_trans_port,unsigned16
12241,9,conn_server_trans_port,unsigned16
12242,9,conn_id,unsigned32
12243,9,app_traffic_class,string
12244,9,app_business_relevance,string
12332,9,vzFlowUDID,octetArray
12333,9,vzFlowLoggedInUser,octetArray
12334,9,vzFlowOSName,octetArray
12335,9,vzFlowOSVersion,octetArray
12336,9,vzFlowSystemManufacturer,octetArray
12337,9,vzFlowSystemType,octetArray
12338,9,vzFlowProcessAccount,octetArray
12339,9,vzFlowParentProcessAccount,octetArray
12340,9,vzFlowProcessName,octetArray
12341,9,vzFlowProcessHash,octetArray
12342,9,vzFlowParentProcessName,octetArray
12343,9,vzFlowParentProcessHash,octetArray
12344,9,vzFlowDNSSuffix,octetArray
12345,9,vzFlowDestinationHostname,octetArray
12346,9,vzFlowL4ByteCountIn,unsigned64
12347,9,vzFlowL4ByteCountOut,unsigned64
12449,9,queue_depth_sum,unsigned64
12450,9,queue_depth_max,unsigned32
12452,9,queue_depth_taildrop_counter,unsigned64
24784,9,FRAGMENTS,octetArray
24786,9,CLIENT_NW_DELAY_SEC,octetArray
24787,9,CLIENT_NW_DELAY_USEC,octetArray
24788,9,SERVER_NW_DELAY_SEC,octetArray
24789,9,SERVER_NW_DELAY_USEC,octetArray
24790,9,APPL_LATENCY_SEC,octetArray
24791,9,APPL_LATENCY_USEC,octetArray
24802,9,ICMP_FLAGS,octetArray
24805,9,SRC_IP_COUNTRY,octetArray
24806,9,SRC_IP_CITY,octetArray
24807,9,DST_IP_COUNTRY,octetArray
24808,9,DST_IP_CITY,octetArray
24809,9,FLOW_PROTO_PORT,octetArray
24810,9,TUNNEL_ID,octetArray
24811,9,LONGEST_FLOW_PKT,octetArray
24812,9,SHORTEST_FLOW_PKT,octetArray
24813,9,RETRANSMITTED_IN_PKTS,octetArray
24814,9,RETRANSMITTED_OUT_PKTS,octetArray
24815,9,OOORDER_IN_PKTS,octetArray
24816,9,OOORDER_OUT_PKTS,octetArray
24817,9,UNTUNNELED_PROTOCOL,octetArray
24818,9,UNTUNNELED_IPV4_SRC_ADDR,ipv4Address
24819,9,UNTUNNELED_L4_SRC_PORT,octetArray
24820,9,UNTUNNELED_IPV4_DST_ADDR,ipv4Address
24821,9,UNTUNNELED_L4_DST_PORT,octetArray
24822,9,L7_PROTO,octetArray
24823,9,L7_PROTO_NAME,octetArray
24824,9,DUMP_PATH,octetArray
24834,9,SIP_CALL_ID,octetArray
24835,9,SIP_CALLING_PARTY,octetArray
24836,9,SIP_CALLED_PARTY,octetArray
24837,9,SIP_RTP_CODECS,octetArray
24838,9,SIP_INVITE_TIME,dateTimeMilliseconds
24839,9,SIP_TRYING_TIME,dateTimeMilliseconds
24840,9,SIP_RINGING_TIME,dateTimeMilliseconds
24841,9,SIP_INVITE_OK_TIME,dateTimeMilliseconds
24842,9,SIP_INVITE_FAILURE_TIME,dateTimeMilliseconds
24843,9,SIP_BYE_TIME,dateTimeMilliseconds
24844,9,SIP_BYE_OK_TIME,dateTimeMilliseconds
24845,9,SIP_CANCEL_TIME,dateTimeMilliseconds
24846,9,SIP_CANCEL_OK_TIME,dateTimeMilliseconds
24847,9,SIP_RTP_SRC_IP,octetArray
24848,9,SIP_RTP_SRC_PORT,octetArray
24849,9,SIP_RTP_DST_IP,octetArray
24850,9,SIP_RTP_DST_PORT,octetArray
24854,9,RTP_FIRST_SSRC,octetArray
24855,9,RTP_FIRST_TS,octetArray
24856,9,RTP_LAST_SSRC,octetArray
24857,9,RTP_LAST_TS,octetArray
24858,9,RTP_IN_JITTER,octetArray
24859,9,RTP_OUT_JITTER,octetArray
24860,9,RTP_IN_PKT_LOST,octetArray
24861,9,RTP_OUT_PKT_LOST,octetArray
24862,9,RTP_OUT_PAYLOAD_TYPE,octetArray
24863,9,RTP_IN_MAX_DELTA,octetArray
24864,9,RTP_OUT_MAX_DELTA,octetArray
24884,9,HTTP_URL,octetArray
24885,9,HTTP_RET_CODE,octetArray
24886,9,HTTP_REFERER,octetArray
24887,9,HTTP_UA,octetArray
24888,9,HTTP_MIME,octetArray
24889,9,SMTP_MAIL_FROM,octetArray
24890,9,SMTP_RCPT_TO,octetArray
24899,9,MYSQL_SERVER_VERSION,octetArray
24900,9,MYSQL_USERNAME,octetArray
24901,9,MYSQL_DB,octetArray
24902,9,MYSQL_QUERY,octetArray
24903,9,MYSQL_RESPONSE,octetArray
24909,9,DNS_QUERY,octetArray
24910,9,DNS_QUERY_ID,octetArray
24911,9,DNS_QUERY_TYPE,octetArray
24912,9,DNS_RET_CODE,octetArray
24913,9,DNS_NUM_ANSWER,octetArray
24994,9,SRC_AS_PATH_1,octetArray
24995,9,SRC_AS_PATH_2,octetArray
24996,9,SRC_AS_PATH_3,octetArray
24997,9,SRC_AS_PATH_4,octetArray
24998,9,SRC_AS_PATH_5,octetArray
24999,9,SRC_AS_PATH_6,octetArray
25000,9,SRC_AS_PATH_7,octetArray
25001,9,SRC_AS_PATH_8,octetArray
25002,9,SRC_AS_PATH_9,octetArray
25003,9,SRC_AS_PATH_10,octetArray
25004,9,DST_AS_PATH_1,octetArray
25005,9,DST_AS_PATH_2,octetArray
25006,9,DST_AS_PATH_3,octetArray
25007,9,DST_AS_PATH_4,octetArray
25008,9,DST_AS_PATH_5,octetArray
25009,9,DST_AS_PATH_6,octetArray
25010,9,DST_AS_PATH_7,octetArray
25011,9,DST_AS_PATH_8,octetArray
25012,9,DST_AS_PATH_9,octetArray
25013,9,DST_AS_PATH_10,octetArray
4244,9,monitor_event,octetArray
5263,9,iOAM_number_of_nodes,octetArray
5264,9,iOAM_node1_id,octetArray
5265,9,iOAM_node1_in_if_id,octetArray
5266,9,iOAM_node1_eif_id,octetArray
5267,9,iOAM_node2_id,octetArray
5268,9,iOAM_node2_in_if_id,octetArray
5269,9,iOAM_node2_eif_id,octetArray
5270,9,iOAM_node3_id,octetArray
5271,9,iOAM_node3_in_if_id,octetArray
5272,9,iOAM_node3_eif_id,octetArray
5273,9,iOAM_node4_id,octetArray
5274,9,iOAM_node4_in_if_id,octetArray
5275,9,iOAM_node4_eif_id,octetArray
5276,9,iOAM_app_metadata,octetArray
5277,9,iOAM_sfc_id,octetArray
5278,9,iOAM_sfc_validated_count,octetArray
5279,9,iOAM_sfc_invalidated_count,octetArray
9254,9,conn_delay_network_long_lived_to_server,unsigned32
9255,9,conn_delay_network_long_lived_to_client,unsigned32
9256,9,conn_delay_network_long_lived_client_to_server,unsigned32
9257,9,conn_delay_network_client_to_server_num_samples,unsigned32
9258,9,conn_delay_network_to_server_num_samples,unsigned32
9259,9,conn_delay_network_to_client_num_samples,unsigned32
9269,9,conn_server_cnt_bytes_retransmit,unsigned32
9270,9,conn_server_cnt_pkts_retransmit,unsigned32
11237,9,pbhk_mapped_ipv4_address,octetArray
11238,9,pbhk_mapped_trans_port,octetArray
11239,9,pbhk_event,octetArray
11240,9,pbhk_event_timestamp,octetArray
12432,9,overlay_session_id_input,unsigned32
12433,9,overlay_session_id_output,unsigned32
12434,9,routing_vrf_service,unsigned32
12435,9,tloc_table_overlay_session_id,unsigned32
12436,9,tloc_local_system_ip_address,ipv4Address
12437,9,tloc_local_color,string
12438,9,tloc_remote_system_ip_address,ipv4Address
12439,9,tloc_remote_color,string
12440,9,tloc_tunnel_protocol,unsigned64
12441,9,connection_id_long,unsigned64
12442,9,drop_cause_id,unsigned16
12443,9,drop_counter_bytes_long,unsigned64
12444,9,sdwan_sla,unsigned8
12445,9,sdwan_non_preferred_path_indication,unsigned8
12446,9,sdwan_qos_queue_id,unsigned8
12447,9,drop_cause_name,string
12448,9,drop_cause_desc,string
12449,9,sdwan_appqoe_fec_r_pkts,unsigned32
12450,9,sdwan_appqoe_pkt_dup_d_pkts_o,unsigned32
12451,9,sdwan_appqoe_pkt_dup_d_pkts_d,unsigned32
12452,9,sdwan_appqoe_pkt_dup_r_pkts,unsigned32
12453,9,sdwan_appqoe_pkt_cxp_d_pkts,unsigned32
12470,9,cisco_fw_src_dsa_id,unsigned32
12471,9,cisco_fw_dst_dsa_id,unsigned32
12527,9,cisco_sdwan_bfd_loss,unsigned32
12528,9,cisco_sdwan_bfd_latency,unsigned64
12529,9,cisco_sdwan_bfd_jitter,unsigned64
12530,9,cisco_sdwan_bfd_update_ts,unsigned64
12531,9,cisco_sdwan_bfd_rx_cnt,unsigned64
12532,9,cisco_sdwan_bfd_tx_cnt,unsigned64
